,"Table 1.7 Occupational projections, 2022–32, and worker characteristics, 2022 (Numbers in thousands)",Unnamed: 1,Unnamed: 2,Unnamed: 3,Unnamed: 4,Unnamed: 5,Unnamed: 6,Unnamed: 7,Unnamed: 8,Unnamed: 9,Unnamed: 10,Unnamed: 11,Unnamed: 12,Unnamed: 13,Unnamed: 14,Unnamed: 15,Unnamed: 16,Unnamed: 17,Unnamed: 18
57,"        Cooks, restaurant",False,Skilled Trade,Trade,Somewhat Certain,IN,,35-2014,Line item,1361.2,1638.9,277.6,20.4,—,252.4,35780,No formal educational credential,Less than 5 years,Moderate-term on-the-job training
90,        Nursing assistants,True,Skilled Trade,Trade,Somewhat Certain,IN,,31-1131,Line item,1361.3,1417.8,56.5,4.1,1.2,202.4,38200,Postsecondary nondegree award,,
100,"      Maintenance and repair workers, general",True,Skilled Trade,Trade,Very Certain,IN,,49-9071,Line item,1607.2,1664.4,57.2,3.6,0.9,152.4,46700,High school diploma or equivalent,,Moderate-term on-the-job training
151,        Medical assistants,True,Skilled Trade,Trade,Somewhat Certain,IN,they draw blood but also do admin work? This one is really on the line...,31-9092,Line item,764.4,870.2,105.9,13.9,0.1,114.6,42000,Postsecondary nondegree award,,
152,"        Hairdressers, hairstylists, and cosmetologists",True,Skilled Trade,Trade,Somewhat Certain,IN,Might need significant amount of training on the upper end,39-5012,Line item,555.8,598.6,42.8,7.7,46,82,34970,Postsecondary nondegree award,,
153,      Carpenters,True,Skilled Trade,Trade,Very Certain,IN,,47-2031,Line item,956.3,964.9,8.6,0.9,26.7,79.5,56350,High school diploma or equivalent,,Apprenticeship
154,      Electricians,True,Skilled Trade,Trade,Very Certain,IN,,47-2111,Line item,762.6,811.8,49.2,6.4,7.9,73.5,61590,High school diploma or equivalent,,Apprenticeship
156,      First-line supervisors of construction trades and extraction workers,True,Other/TBD,Not Trade,Somewhat Certain,IN,,47-1011,Line item,809.9,830.3,20.4,2.5,10,66.6,76760,High school diploma or equivalent,5 years or more,
157,      First-line supervisors of production and operating workers,True,Other/TBD,Not Trade,Somewhat Certain,IN,,51-1011,Line item,681.7,683.7,1.9,0.3,1.5,63.3,65930,High school diploma or equivalent,Less than 5 years,
158,      Licensed practical and licensed vocational nurses,True,Skilled Trade,Trade,Somewhat Certain,IN,,29-2061,Line item,655,689.9,34.9,5.3,0.8,54.4,59730,Postsecondary nondegree award,,
159,"      First-line supervisors of mechanics, installers, and repairers",True,Other/TBD,Not Trade,Somewhat Certain,IN,,49-1011,Line item,576.2,590.2,14,2.4,0,49.2,75820,High school diploma or equivalent,Less than 5 years,
160,        Pharmacy technicians,False,Skilled Trade,Trade,Somewhat Certain,IN,daily work involves more desktop skills than manual skills,29-2052,Line item,459.6,485.5,25.9,5.6,0.1,44.9,40300,High school diploma or equivalent,,Moderate-term on-the-job training
219,"        Plumbers, pipefitters, and steamfitters",True,Skilled Trade,Trade,Very Certain,IN,,47-2152,Line item,482.7,493.6,10.9,2.3,9.6,42.6,61550,High school diploma or equivalent,,Apprenticeship
221,"        Welders, cutters, solderers, and brazers",True,Skilled Trade,Trade,Very Certain,IN,,51-4121,Line item,431.8,438,6.2,1.4,4,42.6,48940,High school diploma or equivalent,,Moderate-term on-the-job training
222,        Industrial machinery mechanics,True,Skilled Trade,Trade,Very Certain,IN,,49-9041,Line item,402.2,462.1,59.9,14.9,1.9,39.2,61420,High school diploma or equivalent,,Long-term on-the-job training
224,        Operating engineers and other construction equipment operators,True,Skilled Trade,Trade,Very Certain,IN,,47-2073,Line item,437.6,449.2,11.6,2.7,2.1,38.2,56160,High school diploma or equivalent,,Moderate-term on-the-job training
227,"      Heating, air conditioning, and refrigeration mechanics and installers",True,Skilled Trade,Trade,Very Certain,IN,,49-9021,Line item,415.8,438.8,23,5.5,7.8,37.7,57300,Postsecondary nondegree award,,Long-term on-the-job training
230,      Bakers,False,Non skilled worker,Not Trade,Somewhat Certain,IN,similar to cook but perhaps less skilled? I'd say in,51-3011,Line item,218.8,229.6,10.8,4.9,4,33.8,34950,No formal educational credential,,Moderate-term on-the-job training
264,      Machinists,True,Skilled Trade,Trade,Very Certain,IN,,51-4041,Line item,327,333.3,6.3,1.9,1.4,32.6,50840,High school diploma or equivalent,,Long-term on-the-job training
266,"        Electrical, electronic, and electromechanical assemblers, except coil winders, tapers, and finishers",True,Skilled Trade,Trade,Very Certain,IN,,51-2028,Line item,282.9,295.6,12.7,4.5,0.8,31.8,40490,High school diploma or equivalent,,Moderate-term on-the-job training
267,      Bus and truck mechanics and diesel engine specialists,True,Skilled Trade,Trade,Very Certain,IN,,49-3031,Line item,291.6,294.1,2.5,0.9,4.6,24.3,58970,High school diploma or equivalent,,Long-term on-the-job training
319,      Chefs and head cooks,True,Skilled Trade,Trade,Somewhat Certain,IN,Might need significant amount of training on the upper end; on the line of a skilled trade and professoion ,35-1011,Line item,174.4,183.6,9.2,5.3,4,22,58920,High school diploma or equivalent,5 years or more,
336,      Massage therapists,True,Skilled Trade,Trade,Somewhat Certain,IN,,31-9011,Line item,134.3,158.9,24.6,18.3,34.6,22,55310,Postsecondary nondegree award,,
338,        Phlebotomists,True,Skilled Trade,Trade,Somewhat Certain,IN,Could be considered skilled trade but training time is short*,31-9097,Line item,139.4,150.2,10.8,7.7,0.3,19.5,41810,Postsecondary nondegree award,,
346,"        Telecommunications equipment installers and repairers, except line installers",True,Skilled Trade,Trade,Very Certain,IN,,49-2022,Line item,173.7,184.7,11,6.3,2.2,19.1,61270,Postsecondary nondegree award,,Moderate-term on-the-job training
352,"        Installation, maintenance, and repair workers, all other",True,Skilled Trade,Trade,Very Certain,IN,,49-9099,Line item,195.4,198.3,2.9,1.5,9.7,18.8,46500,High school diploma or equivalent,,Moderate-term on-the-job training
373,        Physical therapist assistants,True,Skilled Trade,Trade,Somewhat Certain,IN,,31-2021,Line item,100.7,126.9,26.3,26.1,—,18.1,64080,Associate's degree,,
376,        Dental hygienists,True,Skilled Trade,Trade,Somewhat Certain,IN,"According to the broader definition of trade, they are currently categorized as skilled trade",29-1292,Line item,219.4,235.7,16.3,7.4,1.2,16.4,87530,Associate's degree,,
378,"        Healthcare support workers, all other",True,Non skilled worker,Not Trade,Somewhat Certain,IN,,31-9099,Line item,112.7,119.1,6.4,5.7,1.8,16,44490,High school diploma or equivalent,,
380,      Construction and building inspectors,False,Skilled Trade,Trade,Somewhat Certain,IN,Not sure about training time; probably less manual/technical/mechanical labor involved,47-4011,Line item,142.4,140.2,-2.2,-1.5,7.1,15.7,67700,High school diploma or equivalent,5 years or more,Moderate-term on-the-job training
381,"        Coating, painting, and spraying machine setters, operators, and tenders",False,Non skilled worker,Not Trade,Somewhat Certain,IN,I don't think training time is high enough for these but the work seems like trade work,51-9124,Line item,172.4,173.4,1,0.6,10.2,15.5,45560,High school diploma or equivalent,,Moderate-term on-the-job training
384,        Butchers and meat cutters,False,,Trade,Highly Uncertain,IN,"Used to be a trade, but seems like it has been losing the value as a skill in the current industry",51-3021,Line item,131.6,130.1,-1.6,-1.2,0.4,15.3,37650,No formal educational credential,,Long-term on-the-job training
428,"        Mobile heavy equipment mechanics, except engines",True,Skilled Trade,Trade,Very Certain,IN,,49-3042,Line item,169.1,177.6,8.6,5.1,5,15.1,61900,High school diploma or equivalent,,Long-term on-the-job training
461,        Veterinary technologists and technicians,True,Skilled Trade,Trade,Somewhat Certain,IN,,29-2056,Line item,122.9,148.1,25.2,20.5,1,14.8,43740,Associate's degree,,
466,        Computer numerically controlled tool operators,False,Non skilled worker,Not Trade,Somewhat Certain,IN,I don't think training time is high enough for these but the work seems like trade work,51-9161,Line item,181.8,167.2,-14.6,-8.1,—,14.3,48550,High school diploma or equivalent,,Moderate-term on-the-job training
470,        Cement masons and concrete finishers,False,Skilled Trade,Trade,Somewhat Certain,IN,level of skill needed uncertain,47-2051,Line item,206.2,197.9,-8.3,-4,4.2,14.2,50720,No formal educational credential,,Moderate-term on-the-job training
474,        Automotive body and related repairers,True,Skilled Trade,Trade,Very Certain,IN,,49-3021,Line item,153.3,155.2,1.9,1.2,8,13.4,48740,High school diploma or equivalent,,Long-term on-the-job training
482,        Computer network support specialists,False,Skilled Trade,Trade,Somewhat Certain,IN,tech support includes tech skills,15-1231,Line item,177.9,190.4,12.5,7,1.9,13.3,71530,Associate's degree,,Moderate-term on-the-job training
483,        Radiologic technologists and technicians,True,Skilled Trade,Trade,Somewhat Certain,IN,,29-2034,Line item,222.8,235,12.2,5.5,1.3,13.1,73410,Associate's degree,,
484,        Emergency medical technicians,True,Skilled Trade,Trade,Somewhat Certain,IN,,29-2042,Line item,170.7,180,9.3,5.4,—,13.1,38930,Postsecondary nondegree award,,
514,      Roofers,True,Skilled Trade,Trade,Very Certain,IN,,47-2181,Line item,154.5,157.6,3.1,2,14.1,12.2,50030,No formal educational credential,,Moderate-term on-the-job training
515,      Sheet metal workers,True,Skilled Trade,Trade,Very Certain,IN,,47-2211,Line item,126.2,126,-0.2,-0.1,2.6,11.4,58780,High school diploma or equivalent,,Apprenticeship
516,        Telecommunications line installers and repairers,True,Skilled Trade,Trade,Very Certain,IN,,49-9052,Line item,112.1,119.6,7.5,6.7,2.9,11,64640,High school diploma or equivalent,,Long-term on-the-job training
519,      Aircraft mechanics and service technicians,True,Skilled Trade,Trade,Somewhat Certain,IN,,49-3011,Line item,140.2,146.2,6.1,4.3,1.2,10.9,75020,Postsecondary nondegree award,,
520,      Water and wastewater treatment plant and system operators,True,Skilled Trade,Trade,Very Certain,IN,,51-8031,Line item,124.8,116.9,-7.9,-6.3,1.2,10.5,54890,High school diploma or equivalent,,Long-term on-the-job training
524,"        Life, physical, and social science technicians, all other",True,Skilled Trade,Trade,Somewhat Certain,IN,some may require bachelor degree,19-4099,Line item,80,83.1,3,3.8,4.5,10.2,58350,Associate's degree,,
539,        Electrical and electronic engineering technologists and technicians,True,Skilled Trade,Trade,Somewhat Certain,IN,some may require bachelor degree,17-3023,Line item,102.5,103.3,0.8,0.8,1.1,9.9,72800,Associate's degree,,
543,      Cabinetmakers and bench carpenters,False,Skilled Trade,Trade,Very Certain,IN,,51-7011,Line item,105.7,103.7,-2,-1.9,8.9,9.8,43260,High school diploma or equivalent,,Moderate-term on-the-job training
544,        Electrical power-line installers and repairers,True,Skilled Trade,Trade,Very Certain,IN,,49-9051,Line item,122.4,125.8,3.5,2.8,0.1,9.7,85420,High school diploma or equivalent,,Long-term on-the-job training
546,        Security and fire alarm systems installers,True,Skilled Trade,Trade,Very Certain,IN,,49-2098,Line item,83,85.3,2.3,2.8,2.8,8.9,56430,High school diploma or equivalent,,Moderate-term on-the-job training
547,"        Paper goods machine setters, operators, and tenders",False,Non skilled worker,Not Trade,Somewhat Certain,IN,I don't think training time is high enough for these but the work seems like trade work,51-9196,Line item,92.7,82.5,-10.2,-11,—,8.8,47250,High school diploma or equivalent,,Moderate-term on-the-job training
549,        Ophthalmic medical technicians,True,Skilled Trade,Trade,Somewhat Certain,IN,,29-2057,Line item,66.5,74.9,8.4,12.7,—,8.4,41780,Postsecondary nondegree award,,
559,        Occupational therapy assistants,True,Skilled Trade,Trade,Somewhat Certain,IN,this is the archetype of a skilled trade for the medical industry,31-2011,Line item,45.1,56,10.8,24,—,8,67010,Associate's degree,,
560,        Drywall and ceiling tile installers,True,Skilled Trade,Trade,Very Certain,IN,,47-2081,Line item,116.4,118.2,1.9,1.6,21.7,7.9,55700,No formal educational credential,,Moderate-term on-the-job training
565,      Surveying and mapping technicians,True,Skilled Trade,Trade,Very Certain,IN,,17-3031,Line item,64.2,66.3,2.1,3.3,10.1,7.8,48940,High school diploma or equivalent,,Moderate-term on-the-job training
592,"      First-line supervisors of farming, fishing, and forestry workers",True,Other/TBD,Not Trade,Somewhat Certain,IN,,45-1011,Line item,56.6,58.1,1.5,2.7,8.9,7.7,57320,High school diploma or equivalent,Less than 5 years,
646,        Medical equipment repairers,True,Skilled Trade,Trade,Very Certain,IN,,49-9062,Line item,66.4,75.1,8.8,13.2,9.6,7.3,60670,Associate's degree,,Moderate-term on-the-job training
653,        Barbers,True,Skilled Trade,Trade,Somewhat Certain,IN,Might need significant amount of training on the upper end,39-5011,Line item,63.1,67.6,4.4,7,79,7.3,36150,Postsecondary nondegree award,,
760,        Surgical technologists,True,Skilled Trade,Trade,Somewhat Certain,IN,,29-2055,Line item,109.2,115.2,5.9,5.4,—,7.2,60610,Postsecondary nondegree award,,
761,      Chemical technicians,False,Skilled Trade,Trade,Somewhat Certain,IN,Some of these occupations may require BA*,19-4031,Line item,58.8,60.7,1.9,3.2,1.5,7.1,56750,Associate's degree,,Moderate-term on-the-job training
764,"        Engineering technologists and technicians, except drafters, all other",True,Skilled Trade,Trade,Somewhat Certain,IN,,17-3029,Line item,74.1,76.4,2.3,3.1,1.3,7,73500,Associate's degree,,
766,        Industrial engineering technologists and technicians,True,Skilled Trade,Trade,Somewhat Certain,IN,some may require bachelor degree,17-3026,Line item,69.1,71.3,2.2,3.2,1.7,6.5,62610,Associate's degree,,
768,"        Maintenance workers, machinery",True,Skilled Trade,Trade,Very Certain,IN,,49-9043,Line item,63.6,67.1,3.5,5.5,—,6.4,57350,High school diploma or equivalent,,Long-term on-the-job training
769,      Structural iron and steel workers,True,Skilled Trade,Trade,Very Certain,IN,,47-2221,Line item,71.6,72.9,1.3,1.8,6.4,6.3,62760,High school diploma or equivalent,,Apprenticeship
770,      Jewelers and precious stone and metal workers,True,Skilled Trade,Trade,Very Certain,IN,,51-9071,Line item,47.2,45.8,-1.4,-2.9,45.5,6.1,47450,High school diploma or equivalent,,Long-term on-the-job training
775,        Commercial pilots,False,Skilled Trade,Trade,Somewhat Certain,IN,Training hours are borderline but the total process is pretty long and you need ~400 flight hours after you get the necessary certifications,53-2012,Line item,50.9,52.9,2.1,4,2.6,6,113080,Postsecondary nondegree award,,Moderate-term on-the-job training
777,        Civil engineering technologists and technicians,True,Skilled Trade,Trade,Highly Uncertain,IN,some may require bachelor degree,17-3022,Line item,64.8,65.4,0.6,0.9,1,5.9,60700,Associate's degree,,
778,        Brickmasons and blockmasons,True,Skilled Trade,Trade,Very Certain,IN,,47-2021,Line item,73,73.3,0.3,0.5,24,5.9,59640,High school diploma or equivalent,,Apprenticeship
785,"        Woodworking machine setters, operators, and tenders, except sawing",False,Skilled Trade,Trade,Somewhat Certain,IN,,51-7042,Line item,64.6,63.9,-0.6,-1,—,5.9,38260,High school diploma or equivalent,,Moderate-term on-the-job training
787,"        Molders, shapers, and casters, except metal and plastic",True,Skilled Trade,Trade,Very Certain,IN,,51-9195,Line item,44.7,45.8,1.1,2.4,11.1,5.8,43310,High school diploma or equivalent,,Long-term on-the-job training
788,        Diagnostic medical sonographers,True,Skilled Trade,Trade,Somewhat Certain,IN,,29-2032,Line item,83.8,95.8,12,14.3,1.7,5.7,84470,Associate's degree,,
791,      Tool and die makers,True,Skilled Trade,Trade,Very Certain,IN,,51-4111,Line item,62.7,57.4,-5.3,-8.5,—,5.6,61490,Postsecondary nondegree award,,Long-term on-the-job training
793,      Glaziers,True,Skilled Trade,Trade,Very Certain,IN,,47-2121,Line item,54.5,55.7,1.2,2.2,5.5,5.5,51100,High school diploma or equivalent,,Apprenticeship
794,"        Sawing machine setters, operators, and tenders, wood",False,Skilled Trade,Trade,Somewhat Certain,IN,CNC machines take some skill. ,51-7041,Line item,49.4,49.5,0.1,0.1,4.8,5.5,38000,High school diploma or equivalent,,Moderate-term on-the-job training
797,        Paramedics,True,Skilled Trade,Trade,Somewhat Certain,IN,,29-2043,Line item,98.3,103.6,5.3,5.4,0.7,5.1,53180,Postsecondary nondegree award,Less than 5 years,
798,        Tile and stone setters,False,,Trade,Somewhat Certain,IN,Not sure about the level of skills involved,47-2044,Line item,59.4,63.5,4.1,6.9,29.9,5.1,48910,No formal educational credential,,Long-term on-the-job training
802,"        Cooks, private household",True,Skilled Trade,Trade,Somewhat Certain,IN,,35-2013,Line item,34,32.1,-1.9,-5.5,73.3,4.8,42590,Postsecondary nondegree award,Less than 5 years,
803,      Engine and other machine assemblers,True,Skilled Trade,Trade,Very Certain,IN,,51-2031,Line item,50.9,41.3,-9.6,-18.9,—,4.7,50270,High school diploma or equivalent,,Moderate-term on-the-job training
813,      Crane and tower operators,False,Non skilled worker,Not Trade,Somewhat Certain,IN,Doesn't seem to meet the training time requirement,53-7021,Line item,48.4,48.5,0.1,0.2,5.3,4.5,64690,High school diploma or equivalent,Less than 5 years,Moderate-term on-the-job training
814,"        Electrical and electronics repairers, commercial and industrial equipment",True,Skilled Trade,Trade,Very Certain,IN,,49-2094,Line item,53.6,53.2,-0.4,-0.7,0.5,4.4,66680,Postsecondary nondegree award,,Long-term on-the-job training
815,        Farm equipment mechanics and service technicians,True,Skilled Trade,Trade,Very Certain,IN,,49-3041,Line item,45.6,49.3,3.7,8.1,4.5,4.3,49210,High school diploma or equivalent,,Long-term on-the-job training
816,        Outdoor power equipment and other small engine mechanics,True,Skilled Trade,Trade,Very Certain,IN,,49-3053,Line item,41.6,42.1,0.5,1.2,13.1,4.2,44140,High school diploma or equivalent,,Moderate-term on-the-job training
817,"        Service unit operators, oil and gas",True,Skilled Trade,Trade,Very Certain,IN,,47-5013,Line item,39.5,39.5,0.1,0.1,2.2,4,55750,No formal educational credential,,Moderate-term on-the-job training
818,        Cardiovascular technologists and technicians,True,Skilled Trade,Trade,Somewhat Certain,IN,,29-2031,Line item,58.9,61.1,2.2,3.7,3.5,3.9,66170,Associate's degree,,
819,      Forest and conservation technicians,True,Skilled Trade,Trade,Somewhat Certain,IN,,19-4071,Line item,31.5,31.7,0.2,0.6,0.6,3.8,51880,Associate's degree,,
820,"        Environmental science and protection technicians, including health",True,Skilled Trade,Trade,Somewhat Certain,IN,some may require bachelor degree,19-4042,Line item,35,37.1,2,5.8,—,3.8,50660,Associate's degree,,
824,"        Paving, surfacing, and tamping equipment operators",False,Skilled Trade,Trade,Somewhat Certain,IN,,47-2071,Line item,42.3,43.9,1.6,3.7,2.3,3.8,48980,High school diploma or equivalent,,Moderate-term on-the-job training
825,        Dental laboratory technicians,False,Skilled Trade,Trade,Somewhat Certain,IN,Not sure if technicians in general are skilled trades,51-9081,Line item,35.4,33.8,-1.6,-4.5,4.7,3.8,47690,High school diploma or equivalent,,Moderate-term on-the-job training
827,        Mechanical engineering technologists and technicians,True,Skilled Trade,Trade,Somewhat Certain,IN,some may require bachelor degree,17-3027,Line item,41.1,41.4,0.3,0.6,1.7,3.7,64020,Associate's degree,,
828,      Stationary engineers and boiler operators,True,Skilled Trade,Trade,Very Certain,IN,,51-8021,Line item,33.5,34.4,1,2.8,—,3.6,67640,High school diploma or equivalent,,Long-term on-the-job training
829,        Mechanical drafters,True,Skilled Trade,Trade,Somewhat Certain,IN,some may require bachelor degree,17-3013,Line item,49.6,46,-3.6,-7.2,3,3.5,64060,Associate's degree,,
832,        Millwrights,True,Skilled Trade,Trade,Very Certain,IN,,49-9044,Line item,42.1,43.4,1.3,3,1.1,3.5,62980,High school diploma or equivalent,,Apprenticeship
834,      Solar photovoltaic installers,True,Skilled Trade,Trade,Very Certain,IN,,47-2231,Line item,29.4,35.9,6.6,22.3,5.3,3.5,48800,High school diploma or equivalent,,Moderate-term on-the-job training
836,"        Control and valve installers and repairers, except mechanical door",True,Skilled Trade,Trade,Very Certain,IN,,49-9012,Line item,47.9,47.6,-0.3,-0.6,0.4,3.4,70100,High school diploma or equivalent,,Moderate-term on-the-job training
837,"        Excavating and loading machine and dragline operators, surface mining",False,Skilled Trade,Trade,Somewhat Certain,IN,several month to an year of training,47-5022,Line item,36.4,35,-1.4,-3.8,6,3.4,50050,High school diploma or equivalent,Less than 5 years,Moderate-term on-the-job training
841,      Sailors and marine oilers,False,Profession,Not Trade,Somewhat Certain,IN,,53-5011,Line item,30.7,31.3,0.6,2,0.4,3.3,48400,No formal educational credential,,Moderate-term on-the-job training
845,        Motorboat mechanics and service technicians,True,Skilled Trade,Trade,Very Certain,IN,,49-3051,Line item,29.3,31,1.7,5.7,13.5,3.1,49990,High school diploma or equivalent,,Long-term on-the-job training
851,"        Cooks, all other",False,Skilled Trade,Trade,Somewhat Certain,IN,,35-2019,Line item,20.2,20.8,0.6,3.2,—,3.1,35920,No formal educational credential,,Moderate-term on-the-job training
877,"        Healthcare practitioners and technical workers, all other",True,Skilled Trade,Trade,Somewhat Certain,IN,,29-9099,Line item,44.4,46.7,2.3,5.2,3.1,3,63630,Postsecondary nondegree award,,
878,"      Morticians, undertakers, and funeral arrangers",False,,Not Trade,Highly Uncertain,IN,,39-4031,Line item,24.5,25.4,0.9,3.7,1.3,3,51030,Associate's degree,,Long-term on-the-job training
883,        Food science technicians,False,Skilled Trade,Trade,Somewhat Certain,IN,Some of these occupations may require BA*,19-4013,Line item,21.2,22.3,1.1,5.2,3.3,3,49090,Associate's degree,,Moderate-term on-the-job training
884,      Miscellaneous construction and related workers,False,Non skilled worker,Not Trade,Somewhat Certain,IN,level of skill needed uncertain,47-4090,Line item,32.3,33,0.6,2,6.3,3,47090,High school diploma or equivalent,,Moderate-term on-the-job training
885,      Home appliance repairers,True,Skilled Trade,Trade,Very Certain,IN,,49-9031,Line item,36.6,35.1,-1.6,-4.3,19.1,2.9,47170,High school diploma or equivalent,,Moderate-term on-the-job training
891,      Semiconductor processing technicians,False,Non skilled worker,Not Trade,Somewhat Certain,IN,I don't think training time is high enough for these but the work seems like trade work,51-9141,Line item,24.6,26.6,2,8,—,2.9,45850,High school diploma or equivalent,,Moderate-term on-the-job training
894,"      Aircraft structure, surfaces, rigging, and systems assemblers",True,Skilled Trade,Trade,Very Certain,IN,,51-2011,Line item,33.9,28.8,-5.1,-15.2,1.4,2.8,61240,High school diploma or equivalent,,Moderate-term on-the-job training
905,"        Welding, soldering, and brazing machine setters, operators, and tenders",True,Skilled Trade,Trade,Very Certain,IN,,51-4122,Line item,32.9,30.1,-2.8,-8.4,4,2.8,45350,High school diploma or equivalent,,Moderate-term on-the-job training
908,        Upholsterers,False,Skilled Trade,Trade,Very Certain,IN,,51-6093,Line item,31.5,30.7,-0.8,-2.5,13.9,2.8,42730,High school diploma or equivalent,,Moderate-term on-the-job training
910,        Magnetic resonance imaging technologists,True,Skilled Trade,Trade,Somewhat Certain,IN,,29-2035,Line item,41.4,44.6,3.2,7.7,5.6,2.6,83740,Associate's degree,Less than 5 years,
912,"        Floor layers, except carpet, wood, and hard tiles",True,Skilled Trade,Trade,Very Certain,IN,,47-2042,Line item,30.2,32.3,2.2,7.3,30,2.6,48840,No formal educational credential,,Moderate-term on-the-job training
913,        Agricultural technicians,False,Skilled Trade,Trade,Somewhat Certain,IN,Some of these occupations may require BA*,19-4012,Line item,17.6,18.4,0.8,4.5,2.8,2.5,43180,Associate's degree,,Moderate-term on-the-job training
914,        Ophthalmic laboratory technicians,False,Skilled Trade,Trade,Somewhat Certain,IN,Not sure if technicians in general are skilled trades,51-9083,Line item,21.3,21.6,0.2,1.1,4.8,2.5,37720,High school diploma or equivalent,,Moderate-term on-the-job training
915,      Transportation inspectors,False,Skilled Trade,Trade,Very Certain,IN,,53-6051,Line item,25.7,26.4,0.7,2.7,3.1,2.4,87290,High school diploma or equivalent,,Moderate-term on-the-job training
936,        Locomotive engineers,False,Profession,Not Trade,Somewhat Certain,IN,,53-4011,Line item,29.7,29.9,0.2,0.8,—,2.4,74770,High school diploma or equivalent,Less than 5 years,Moderate-term on-the-job training
937,        Mechanical door repairers,True,Skilled Trade,Trade,Very Certain,IN,,49-9011,Line item,28,30.6,2.7,9.6,0.5,2.4,48650,High school diploma or equivalent,,Moderate-term on-the-job training
938,        Dietetic technicians,True,Skilled Trade,Trade,Somewhat Certain,IN,,29-2051,Line item,20.2,20.9,0.7,3.5,—,2.3,36520,Associate's degree,,
941,        Recreational vehicle service technicians,True,Skilled Trade,Trade,Very Certain,IN,,49-3092,Line item,17.7,19.4,1.7,9.8,2,2.2,47950,High school diploma or equivalent,,Long-term on-the-job training
943,      Elevator and escalator installers and repairers,True,Skilled Trade,Trade,Very Certain,IN,,47-4021,Line item,25.1,25.5,0.4,1.5,—,2.1,102420,High school diploma or equivalent,,Apprenticeship
944,        Power plant operators,True,Skilled Trade,Trade,Very Certain,IN,,51-8013,Line item,32.2,28.2,-4,-12.5,—,2.1,97010,High school diploma or equivalent,,Long-term on-the-job training
952,"        Electrical and electronics repairers, powerhouse, substation, and relay",True,Skilled Trade,Trade,Very Certain,IN,,49-2095,Line item,26.1,25.4,-0.7,-2.7,0.5,2.1,96600,Postsecondary nondegree award,Less than 5 years,Moderate-term on-the-job training
957,"        Earth drillers, except oil and gas",True,Skilled Trade,Trade,Very Certain,IN,,47-5023,Line item,20.4,20.8,0.4,2.2,6.1,2.1,56660,High school diploma or equivalent,Less than 5 years,Long-term on-the-job training
961,"        Insulation workers, mechanical",True,Skilled Trade,Trade,Very Certain,IN,,47-2132,Line item,27.2,27.6,0.5,1.7,3.6,2.1,53920,High school diploma or equivalent,,Apprenticeship
963,        Air traffic controllers,False,,Trade,Somewhat Certain,IN,not sure if involves manual/mechanical/technical labor,53-2021,Line item,23,23.3,0.3,1.4,—,2,137380,Associate's degree,,Long-term on-the-job training
964,        Riggers,False,Skilled Trade,Trade,Very Certain,IN,,49-9096,Line item,19.7,20,0.3,1.4,—,2,56220,High school diploma or equivalent,,Moderate-term on-the-job training
974,      Plasterers and stucco masons,True,Skilled Trade,Trade,Very Certain,IN,,47-2161,Line item,27.3,27.9,0.6,2.1,5.4,2,52640,No formal educational credential,,Long-term on-the-job training
975,        Medical appliance technicians,False,Skilled Trade,Trade,Somewhat Certain,IN,Not sure if technicians in general are skilled trades,51-9082,Line item,16.6,17.1,0.4,2.5,4.8,2,44960,High school diploma or equivalent,,Moderate-term on-the-job training
978,        Avionics technicians,True,Skilled Trade,Trade,Somewhat Certain,IN,,49-2091,Line item,20.8,21.7,0.9,4.3,—,1.9,77420,Associate's degree,,
980,      Reinforcing iron and rebar workers,True,Skilled Trade,Trade,Very Certain,IN,,47-2171,Line item,22.8,23.1,0.3,1.2,24.3,1.9,54850,High school diploma or equivalent,,Apprenticeship
982,        Rail car repairers,True,Skilled Trade,Trade,Very Certain,IN,,49-3043,Line item,20.1,20.8,0.7,3.6,4.9,1.8,65030,High school diploma or equivalent,,Long-term on-the-job training
983,      Wind turbine service technicians,True,Skilled Trade,Trade,Very Certain,IN,,49-9081,Line item,11.2,16.2,5,44.9,10.6,1.8,61770,Postsecondary nondegree award,,Long-term on-the-job training
987,"        Metal workers and plastic workers, all other",False,Skilled Trade,Trade,Somewhat Certain,IN,,51-4199,Line item,21.4,19.8,-1.7,-7.8,0.7,1.8,41200,High school diploma or equivalent,,Moderate-term on-the-job training
990,        Locksmiths and safe repairers,True,Skilled Trade,Trade,Very Certain,IN,,49-9094,Line item,18.2,16.1,-2,-11.1,14.6,1.7,48380,High school diploma or equivalent,,Long-term on-the-job training
1005,        Automotive glass installers and repairers,True,Skilled Trade,Trade,Very Certain,IN,,49-3022,Line item,21.9,22.2,0.4,1.7,19.4,1.7,45320,High school diploma or equivalent,,Moderate-term on-the-job training
1006,        Bicycle repairers,True,Skilled Trade,Trade,Very Certain,IN,,49-3091,Line item,14.4,14.9,0.5,3.8,2,1.7,38320,High school diploma or equivalent,,Moderate-term on-the-job training
1010,        Wellhead pumpers,False,Skilled Trade,Trade,Very Certain,IN,,53-7073,Line item,16.2,15.9,-0.4,-2.2,0.4,1.6,71830,High school diploma or equivalent,Less than 5 years,Moderate-term on-the-job training
1013,"      Woodworkers, all other",False,Skilled Trade,Trade,Somewhat Certain,IN,,51-7099,Line item,13.5,13,-0.5,-3.6,31.4,1.5,37760,High school diploma or equivalent,,Moderate-term on-the-job training
1014,        Continuous mining machine operators,False,Skilled Trade,Trade,Somewhat Certain,IN,1-12 month training,47-5041,Line item,13.9,13.5,-0.4,-3.2,0.6,1.4,61420,No formal educational credential,,Moderate-term on-the-job training
1015,"        Radio, cellular, and tower equipment installers and repairers",True,Skilled Trade,Trade,Very Certain,IN,,49-2021,Line item,13.5,13.9,0.5,3.4,2,1.4,61310,Associate's degree,,Moderate-term on-the-job training
1018,        Airfield operations specialists,False,,Trade,Somewhat Certain,IN,not sure if involves manual/mechanical/technical labor,53-2022,Line item,15,15.8,0.7,4.9,—,1.4,51140,High school diploma or equivalent,,Long-term on-the-job training
1019,        Electro-mechanical and mechatronics technologists and technicians,True,Skilled Trade,Trade,Somewhat Certain,IN,some may require bachelor degree,17-3024,Line item,15.2,14.8,-0.4,-2.7,1.7,1.3,65080,Associate's degree,,
1020,"        Rotary drill operators, oil and gas",True,Skilled Trade,Trade,Very Certain,IN,,47-5012,Line item,13.2,13.2,0,0.1,2.2,1.3,61770,No formal educational credential,,Moderate-term on-the-job training
1021,"        Drafters, all other",True,Skilled Trade,Trade,Somewhat Certain,IN,some may require bachelor degree,17-3019,Line item,18.7,17.3,-1.5,-7.8,2.9,1.3,59260,Associate's degree,,
1022,        Surgical assistants,True,Skilled Trade,Trade,Somewhat Certain,IN,,29-9093,Line item,19.7,20.7,1,5.2,4.2,1.3,59160,Postsecondary nondegree award,,
1024,        Environmental engineering technologists and technicians,True,Skilled Trade,Trade,Somewhat Certain,IN,some may require bachelor degree,17-3025,Line item,13.9,14.1,0.2,1.3,1.5,1.3,54000,Associate's degree,,
1025,"        Electric motor, power tool, and related repairers",True,Skilled Trade,Trade,Very Certain,IN,,49-2092,Line item,16.1,16.5,0.4,2.5,2.8,1.3,49230,High school diploma or equivalent,Less than 5 years,Moderate-term on-the-job training
1026,"        Heat treating equipment setters, operators, and tenders, metal and plastic",True,Skilled Trade,Trade,Somewhat Certain,IN,,51-4191,Line item,16,14.6,-1.5,-9.1,0.7,1.3,44240,High school diploma or equivalent,,Moderate-term on-the-job training
1027,      Rail-track laying and maintenance equipment operators,True,Skilled Trade,Trade,Somewhat Certain,IN,level of skill needed uncertain,47-4061,Line item,16.5,16.7,0.2,1.4,—,1.2,67000,High school diploma or equivalent,,Moderate-term on-the-job training
1029,"      Railroad brake, signal, and switch operators and locomotive firers",False,Non skilled worker,Not Trade,Somewhat Certain,IN,,53-4022,Line item,12.2,12.3,0.1,1.2,—,1.2,63540,High school diploma or equivalent,,Moderate-term on-the-job training
1030,"        Pump operators, except wellhead pumpers",False,Skilled Trade,Trade,Very Certain,IN,,53-7072,Line item,11.2,11.6,0.4,3.6,—,1.2,54690,High school diploma or equivalent,,Moderate-term on-the-job training
1031,        Gas plant operators,True,Skilled Trade,Trade,Very Certain,IN,,51-8092,Line item,14.8,13,-1.7,-11.7,—,1.1,82560,High school diploma or equivalent,,Long-term on-the-job training
1034,      Boilermakers,True,Skilled Trade,Trade,Very Certain,IN,,47-2011,Line item,13.7,13.1,-0.5,-4,—,1.1,71140,High school diploma or equivalent,,Apprenticeship
1035,        Calibration technologists and technicians,True,Skilled Trade,Trade,Somewhat Certain,IN,If they really require Associates it's a lot of knowledge. Definetly the upper bound. ,17-3028,Line item,11.3,11.8,0.5,4.4,1.7,1.1,62790,Associate's degree,,
1037,"        Precision instrument and equipment repairers, all other",True,Skilled Trade,Trade,Very Certain,IN,,49-9069,Line item,12.1,12.1,0,0,8,1.1,62040,High school diploma or equivalent,,Long-term on-the-job training
1038,"        Geological technicians, except hydrologic technicians",True,Skilled Trade,Trade,Very Certain,IN,,19-4043,Line item,9.4,9.6,0.3,3.1,—,1,52440,Associate's degree,,Moderate-term on-the-job training
1039,        Stonemasons,True,Skilled Trade,Trade,Very Certain,IN,,47-2022,Line item,13.5,12.7,-0.8,-5.9,24.2,1,51830,High school diploma or equivalent,,Apprenticeship
1040,        Shoe and leather workers and repairers,False,Skilled Trade,Trade,Somewhat Certain,IN,,51-6041,Line item,9.8,8.7,-1.1,-11,8,1,36020,High school diploma or equivalent,,Moderate-term on-the-job training
1041,        Nuclear medicine technologists,True,Skilled Trade,Trade,Somewhat Certain,IN,,29-2033,Line item,18.1,18.2,0.1,0.4,5,0.8,92500,Associate's degree,,
1042,      Traffic technicians,False,Skilled Trade,Trade,Very Certain,IN,,53-6041,Line item,7.6,7.9,0.3,3.5,—,0.8,52240,High school diploma or equivalent,,Moderate-term on-the-job training
1043,"        Makeup artists, theatrical and performance",True,Skilled Trade,Trade,Somewhat Certain,IN,Might need significant amount of training on the upper end,39-5091,Line item,4.6,4.9,0.4,8.6,32.9,0.8,47390,Postsecondary nondegree award,,
1045,        Power distributors and dispatchers,True,Skilled Trade,Trade,Very Certain,IN,,51-8012,Line item,9.6,9.1,-0.5,-5,—,0.7,104750,High school diploma or equivalent,,Long-term on-the-job training
1048,        Radiation therapists,True,Skilled Trade,Trade,Somewhat Certain,IN,"These are all health professions, involving some degree of technical skills",29-1124,Line item,15.9,16.3,0.4,2.4,—,0.7,98300,Associate's degree,,
1049,"        Electrical and electronics installers and repairers, transportation equipment",True,Skilled Trade,Trade,Very Certain,IN,,49-2093,Line item,7.9,8.3,0.4,4.8,—,0.7,79160,Postsecondary nondegree award,,Long-term on-the-job training
1053,      Nuclear technicians,True,Skilled Trade,Trade,Very Certain,IN,,19-4051,Line item,5.9,5.8,-0.1,-1.3,—,0.6,101740,Associate's degree,,Moderate-term on-the-job training
1055,        Signal and track switch repairers,True,Skilled Trade,Trade,Very Certain,IN,,49-9097,Line item,6.6,6.7,0.1,1.2,9.3,0.6,82710,High school diploma or equivalent,,Moderate-term on-the-job training
1056,        Embalmers,False,,Not Trade,Highly Uncertain,IN,Not sue about manual/mechanical/technical skills nor certification,39-4011,Line item,4,4,0,0.9,—,0.6,54090,Associate's degree,,Long-term on-the-job training
1057,"        Electronic equipment installers and repairers, motor vehicles",True,Skilled Trade,Trade,Very Certain,IN,,49-2096,Line item,9.7,7.9,-1.7,-18,0.6,0.6,45570,High school diploma or equivalent,,Moderate-term on-the-job training
1059,        Floor sanders and finishers,False,Skilled Trade,Trade,Somewhat Certain,IN,level of skill needed uncertain,47-2043,Line item,6.2,6.2,0,0.1,30,0.5,47760,No formal educational credential,,Moderate-term on-the-job training
1066,        Musical instrument repairers and tuners,True,Skilled Trade,Trade,Very Certain,IN,,49-9063,Line item,7,6.3,-0.7,-9.4,9.9,0.5,42800,High school diploma or equivalent,,Apprenticeship
1072,        Nuclear power reactor operators,True,Skilled Trade,Trade,Very Certain,IN,,51-8011,Line item,5.5,5.3,-0.2,-3.3,—,0.4,120350,High school diploma or equivalent,,Long-term on-the-job training
1073,"      Explosives workers, ordnance handling experts, and blasters",True,Skilled Trade,Trade,Very Certain,IN,,47-5032,Line item,4.9,4.9,0.1,1.1,—,0.4,61590,High school diploma or equivalent,Less than 5 years,Long-term on-the-job training
1074,        Pile driver operators,False,Skilled Trade,Trade,Somewhat Certain,IN,,47-2072,Line item,3.3,3.4,0.1,3.2,2.6,0.3,63550,High school diploma or equivalent,,Moderate-term on-the-job training
1075,        Hydrologic technicians,True,Skilled Trade,Trade,Very Certain,IN,,19-4044,Line item,3.1,3.1,0,0.4,—,0.3,55890,Associate's degree,,Moderate-term on-the-job training
1076,"        Underground mining machine operators, all other",False,Skilled Trade,Trade,Somewhat Certain,IN,,47-5049,Line item,2.3,2,-0.3,-12.5,—,0.2,68910,No formal educational credential,,Moderate-term on-the-job training
1077,"        Model makers, metal and plastic",False,Skilled Trade,Trade,Somewhat Certain,IN,,51-4061,Line item,3.4,2.8,-0.6,-18.8,—,0.2,64190,High school diploma or equivalent,,Moderate-term on-the-job training
1079,"        Rail yard engineers, dinkey operators, and hostlers",False,Non skilled worker,Not Trade,Somewhat Certain,IN,,53-4013,Line item,2.6,2.6,0.1,2.4,—,0.2,57070,High school diploma or equivalent,,Moderate-term on-the-job training
1081,        Camera and photographic equipment repairers,True,Skilled Trade,Trade,Very Certain,IN,,49-9061,Line item,2.4,2.4,0,1.1,8.1,0.2,46850,High school diploma or equivalent,,Long-term on-the-job training
1082,"      Rail transportation workers, all other",False,Other/TBD,Not Trade,High Uncertain,IN,,53-4099,Line item,2.4,2.4,0.1,2.2,—,0.2,44660,High school diploma or equivalent,,Moderate-term on-the-job training
1083,"        Roof bolters, mining",False,Skilled Trade,Trade,High Uncertain,IN,training time varies from none to 1 year,47-5043,Line item,1.8,1.3,-0.5,-28.5,—,0.1,66660,High school diploma or equivalent,,Moderate-term on-the-job training
1090,        Watch and clock repairers,True,Skilled Trade,Trade,Very Certain,IN,,49-9064,Line item,2.1,1.4,-0.6,-29.8,10.2,0.1,58140,High school diploma or equivalent,,Long-term on-the-job training
1091,      Dredge operators,False,Non skilled worker,Not Trade,Somewhat Certain,IN,Doesn't seem to meet the training time requirement,53-7031,Line item,1,1.1,0,0.3,9.9,0.1,50440,High school diploma or equivalent,,Moderate-term on-the-job training
1096,"        Patternmakers, metal and plastic",False,Skilled Trade,Trade,Somewhat Certain,IN,,51-4062,Line item,2.3,1.8,-0.5,-21.6,—,0.1,49670,High school diploma or equivalent,,Moderate-term on-the-job training
1097,        Terrazzo workers and finishers,True,Skilled Trade,Trade,Very Certain,IN,,47-2053,Line item,1.6,1.4,-0.2,-12.2,4.1,0.1,48900,High school diploma or equivalent,,Apprenticeship
1107,"        Patternmakers, wood",False,Skilled Trade,Trade,Very Certain,IN,,51-7032,Line item,0.5,0.5,0,-5.1,31.3,0.1,48630,High school diploma or equivalent,,Moderate-term on-the-job training
1108,"        Model makers, wood",False,Skilled Trade,Trade,Very Certain,IN,,51-7031,Line item,1.1,1,0,-3.6,31.5,0.1,45040,High school diploma or equivalent,,Moderate-term on-the-job training
1109,"        Refractory materials repairers, except brickmasons",True,Skilled Trade,Trade,Very Certain,IN,,49-9045,Line item,0.6,0.5,-0.1,-21.4,—,0,48410,High school diploma or equivalent,,Moderate-term on-the-job training
